{
	"atmopshere":[
		[-500,			249.7,		699,		0.014572406200298246,		249.712],
		[0,			249.7,		699,		0.014572406200298246,		249.712],
		[1000,		247.48,		638.838,	0.013437646132139262,		248.602],
		[2000,		245.26,		583.854,	0.01239224754497759,		247.485],
		[3500,		241.93,		510.122,	0.01097633424999743,		245.799],
		[5000,		238.6,		445.702,	0.009724042642981583,		244.101],
		[7500,		234.615,	355.9,		0.007896693113788985,		242.054],
		[10000,		232.12,		284.192,	0.006373415251357601,		240.764],
		[12500,		229.625,	226.932,	0.005144573181405562,		239.466],
		[15000,		227.13,		181.209,	0.0041531513630357056,		238.162],
		[17500,		224.635,	144.698,	0.0033531932094579588,		236.85],
		[20000,		222.14,		115.544,	0.0027076528096811776,		235.531],
		[25000,		217.15,		73.674,		0.0017661492161359941,		232.871],
		[30000,		212.16,		46.977,		0.0011526334079306896,		230.18],
		[35000,		207.17,		29.954,		0.000752653918200173,		227.457],
		[40000,		202.18,		19.01,		0.000491758056616959,		224.7],
		[45000,		197.19,		12.178,		0.00032149355585502516,		221.91],
		[50000,		192.2,		7.765,		0.0002103154894132861,		219.085],
		[60000,		182.22,		3.157,		0.0000901910756087682,		213.321],
		[70000,		172.24,		1.283,		0.000038793642393565974,	207.397],
		[90000,		152.28,		0.212,		0.000007253066165997398,	195.01],
		[110000,	132.32,		0.0351,		0.0000013797771479669168,	181.781]
	],
	"R":3396200,
	"K":42828234000000
}