{
	"initData": [
		{
			"ADX": {
				"MV": [ 0, 0.5, 0.8, 1, 1.3, 1.5, 2, 2.5, 3, 4, 5, 10, 40 ],
				"AV": [ -30, -20, -15, -10, -8, -6, -4, -2, 0, 2, 4, 6, 8, 10, 15, 20, 30],
				"CXMA": [
					[3.37862, 1.63947, 1.03077, 0.59599, 0.47077, 0.37338, 0.30381, 0.26207, 0.24816, 0.26207, 0.30381, 0.37338, 0.47077, 0.59599, 1.03077, 1.63947, 3.37862],
					[3.80049, 1.82697, 1.13624, 0.64286, 0.50077, 0.39025, 0.31131, 0.26395, 0.24816, 0.26395, 0.31131, 0.39025, 0.50077, 0.64286, 1.13624, 1.82697, 3.80049],
					[8.11107, 3.82495, 2.32481, 1.25328, 0.94468, 0.70465, 0.53321, 0.43034, 0.39605, 0.43034, 0.53321, 0.70465, 0.94468, 1.25328, 2.32481, 3.82495, 8.11107],
					[6.71785, 3.19112, 1.95676, 1.07508, 0.82116, 0.62366, 0.48259, 0.39795, 0.36974, 0.39795, 0.48259, 0.62366, 0.82116, 1.07508, 1.95676, 3.19112, 6.71785],
					[5.38979, 2.58625, 1.60501, 0.90413, 0.70227, 0.54528, 0.43313, 0.36585, 0.34342, 0.36585, 0.43313, 0.54528, 0.70227, 0.90413, 1.60501, 2.58625, 5.38979],
					[4.56516, 2.23305, 1.41682, 0.83379, 0.66588, 0.53528, 0.442, 0.38603, 0.36737, 0.38603, 0.442, 0.53528, 0.66588, 0.83379, 1.41682, 2.23305, 4.56516],
					[3.73019, 1.83359, 1.16978, 0.69563, 0.55908, 0.45287, 0.37701, 0.33149, 0.31632, 0.33149, 0.37701, 0.45287, 0.55908, 0.69563, 1.16978, 1.83359, 3.73019],
					[3.00015, 1.49773, 0.97188, 0.59627, 0.4881, 0.40396, 0.34387, 0.30781, 0.29579, 0.30781, 0.34387, 0.40396, 0.4881, 0.59627, 0.97188, 1.49773, 3.00015],
					[2.43647, 1.24165, 0.82346, 0.52475, 0.43873, 0.37182, 0.32402, 0.29535, 0.28579, 0.29535, 0.32402, 0.37182, 0.43873, 0.52475, 0.82346, 1.24165, 2.43647],
					[2.43164, 1.23395, 0.81475, 0.51533, 0.42909, 0.36202, 0.31412, 0.28537, 0.27579, 0.28537, 0.31412, 0.36202, 0.42909, 0.51533, 0.81475, 1.23395, 2.43164],
					[1.98358, 1.03481, 0.70274, 0.46554, 0.39723, 0.3441, 0.30615, 0.28338, 0.27579, 0.28338, 0.30615, 0.3441, 0.39723, 0.46554, 0.70274, 1.03481, 1.98358],
					[1.98358, 1.03481, 0.70274, 0.46554, 0.39723, 0.3441, 0.30615, 0.28338, 0.27579, 0.28338, 0.30615, 0.3441, 0.39723, 0.46554, 0.70274, 1.03481, 1.98358],
					[1.98358, 1.03481, 0.70274, 0.46554, 0.39723, 0.3441, 0.30615, 0.28338, 0.27579, 0.28338, 0.30615, 0.3441, 0.39723, 0.46554, 0.70274, 1.03481, 1.98358]
				],
				"CYMA": [
					[-2.82632, -1.88421, -1.41316, -0.94211, -0.75368, -0.56526, -0.37684, -0.18842, 0, 0.18842, 0.37684, 0.56526, 0.75368, 0.94211, 1.41316, 1.88421, 2.82632],
					[-2.97632, -1.98421, -1.48816, -0.99211, -0.79368, -0.59526, -0.39684, -0.19842, 0, 0.19842, 0.39684, 0.59526, 0.79368, 0.99211, 1.48816, 1.98421, 2.97632],
					[-4.21579, -2.81053, -2.10789, -1.40526, -1.12421, -0.84316, -0.56211, -0.28105, 0, 0.28105, 0.56211, 0.84316, 1.12421, 1.40526, 2.10789, 2.81053, 4.21579],
					[-3.67105, -2.44737, -1.83553, -1.22368, -0.97895, -0.73421, -0.48947, -0.24474, 0, 0.24474, 0.48947, 0.73421, 0.97895, 1.22368, 1.83553, 2.44737, 3.67105],
					[-3.21711, -2.14474, -1.60855, -1.07237, -0.85789, -0.64342, -0.42895, -0.21447, 0, 0.21447, 0.42895, 0.64342, 0.85789, 1.07237, 1.60855, 2.14474, 3.21711],
					[-2.82632, -1.88421, -1.41316, -0.94211, -0.75368, -0.56526, -0.37684, -0.18842, 0, 0.18842, 0.37684, 0.56526, 0.75368, 0.94211, 1.41316, 1.88421, 2.82632],
					[-2.51842, -1.67895, -1.25921, -0.83947, -0.67158, -0.50368, -0.33579, -0.16789, 0, 0.16789, 0.33579, 0.50368, 0.67158, 0.83947, 1.25921, 1.67895, 2.51842],
					[-2.20105, -1.46737, -1.10053, -0.73368, -0.58695, -0.44021, -0.29347, -0.14674, 0, 0.14674, 0.29347, 0.44021, 0.58695, 0.73368, 1.10053, 1.46737, 2.20105],
					[-1.84974, -1.23316, -0.92487, -0.61658, -0.49326, -0.36995, -0.24663, -0.12332, 0, 0.12332, 0.24663, 0.36995, 0.49326, 0.61658, 0.92487, 1.23316, 1.84974],
					[-1.73684, -1.15789, -0.86842, -0.57895, -0.46316, -0.34737, -0.23158, -0.11579, 0, 0.11579, 0.23158, 0.34737, 0.46316, 0.57895, 0.86842, 1.15789, 1.73684],
					[-1.47632, -0.98421, -0.73816, -0.49211, -0.39368, -0.29526, -0.19684, -0.09842, 0, 0.09842, 0.19684, 0.29526, 0.39368, 0.49211, 0.73816, 0.98421, 1.47632],
					[-1.47632, -0.98421, -0.73816, -0.49211, -0.39368, -0.29526, -0.19684, -0.09842, 0, 0.09842, 0.19684, 0.29526, 0.39368, 0.49211, 0.73816, 0.98421, 1.47632],
					[-1.47632, -0.98421, -0.73816, -0.49211, -0.39368, -0.29526, -0.19684, -0.09842, 0, 0.09842, 0.19684, 0.29526, 0.39368, 0.49211, 0.73816, 0.98421, 1.47632]
				]
			},
			"massGeometry": {
				"mDry": 180,
				"mFuel": 0,
				"sMid": 0.2,
				"jRel": 0
			}
		}
	],
	"alpha_controls": [
		{
			"type": "level_flight",
			"prms": {
				"alpha_base": 1.25,
				"k_th": 275,
				"th_base": 0.0,
				"v_dive": 1500,
				"alpha_dive": -0.5,
				"k_th_dive": 0,
				"th_dive": 0,
				"alpha_max": 10,
				"t_pullup": 117
			}
		}
	],
	"fuel_controls": [
		{
			"type": "dm_nodrain",
			"prms": {}
		}
	],
	"stage_controls": [
		{
			"type": "no_stage",
			"prms": {}
		}
	]
}