{
	"initData": [
		{
			"ADX": {
				"MV": [ 0, 2, 3, 4, 5, 6, 8, 10, 20, 40 ],
				"AV": [ -30, -20, -15, -10, -7, -5, -4, -3, -2, -1, 0, 1, 2, 3, 4, 5, 7, 10, 15, 20, 30],
				"CXMA": [
					[2.25506, 0.92622, 0.49987, 0.22252, 0.12031, 0.08388, 0.06468, 0.04971, 0.03898, 0.03253, 0.03038, 0.03253, 0.03898, 0.04971, 0.06468, 0.08388, 0.12031, 0.22252, 0.49987, 0.92622, 2.25506],
					[2.25506, 0.92622, 0.49987, 0.22252, 0.12031, 0.08388, 0.06468, 0.04971, 0.03898, 0.03253, 0.03038, 0.03253, 0.03898, 0.04971, 0.06468, 0.08388, 0.12031, 0.22252, 0.49987, 0.92622, 2.25506],
					[2.13236, 0.87169, 0.46919, 0.20888, 0.11363, 0.08047, 0.0625, 0.04848, 0.03843, 0.03239, 0.03038, 0.03239, 0.03843, 0.04848, 0.0625, 0.08047, 0.11363, 0.20888, 0.46919, 0.87169, 2.13236],
					[2.08009, 0.84846, 0.45612, 0.20308, 0.11079, 0.07902, 0.06157, 0.04796, 0.0382, 0.03234, 0.03038, 0.03234, 0.0382, 0.04796, 0.06157, 0.07902, 0.11079, 0.20308, 0.45612, 0.84846, 2.08009],
					[2.05044, 0.83528, 0.44871, 0.19978, 0.10917, 0.07819, 0.06105, 0.04766, 0.03807, 0.0323, 0.03038, 0.0323, 0.03807, 0.04766, 0.06105, 0.07819, 0.10917, 0.19978, 0.44871, 0.83528, 2.05044],
					[2.0312, 0.82673, 0.4439, 0.19764, 0.10812, 0.07766, 0.06071, 0.04747, 0.03798, 0.03228, 0.03038, 0.03228, 0.03798, 0.04747, 0.06071, 0.07766, 0.10812, 0.19764, 0.4439, 0.82673, 2.0312],
					[2.00761, 0.81625, 0.438, 0.19502, 0.10684, 0.07701, 0.06029, 0.04723, 0.03788, 0.03226, 0.03038, 0.03226, 0.03788, 0.04723, 0.06029, 0.07701, 0.10684, 0.19502, 0.438, 0.81625, 2.00761],
					[1.99363, 0.81004, 0.43451, 0.19347, 0.10608, 0.07662, 0.06004, 0.04709, 0.03782, 0.03224, 0.03038, 0.03224, 0.03782, 0.04709, 0.06004, 0.07662, 0.10608, 0.19347, 0.43451, 0.81004, 1.99363],
					[1.96598, 0.79775, 0.4276, 0.1904, 0.10457, 0.07585, 0.05955, 0.04681, 0.03769, 0.03221, 0.03038, 0.03221, 0.03769, 0.04681, 0.05955, 0.07585, 0.10457, 0.1904, 0.4276, 0.79775, 1.96598],
					[1.95225, 0.79164, 0.42416, 0.18887, 0.10382, 0.07547, 0.0593, 0.04668, 0.03763, 0.03219, 0.03038, 0.03219, 0.03763, 0.04668, 0.0593, 0.07547, 0.10382, 0.18887, 0.42416, 0.79164, 1.95225]
				],
				"CYMA": [
					[-1.67615, -1.04841, -0.73737, -0.45472, -0.30337, -0.22007, -0.17668, -0.13288, -0.08876, -0.04443, 0, 0.04443, 0.08876, 0.13288, 0.17668, 0.22007, 0.30337, 0.45472, 0.73737, 1.04841, 1.67615],
					[-1.67615, -1.04841, -0.73737, -0.45472, -0.30337, -0.22007, -0.17668, -0.13288, -0.08876, -0.04443, 0, 0.04443, 0.08876, 0.13288, 0.17668, 0.22007, 0.30337, 0.45472, 0.73737, 1.04841, 1.67615],
					[-1.55898, -0.9703, -0.67879, -0.41566, -0.27603, -0.20054, -0.16106, -0.12116, -0.08095, -0.04053, 0, 0.04053, 0.08095, 0.12116, 0.16106, 0.20054, 0.27603, 0.41566, 0.67879, 0.9703, 1.55898],
					[-1.50906, -0.93702, -0.65383, -0.39902, -0.26438, -0.19222, -0.1544, -0.11617, -0.07762, -0.03886, 0, 0.03886, 0.07762, 0.11617, 0.1544, 0.19222, 0.26438, 0.39902, 0.65383, 0.93702, 1.50906],
					[-1.48075, -0.91814, -0.63967, -0.38959, -0.25778, -0.1875, -0.15063, -0.11334, -0.07573, -0.03792, 0, 0.03792, 0.07573, 0.11334, 0.15063, 0.1875, 0.25778, 0.38959, 0.63967, 0.91814, 1.48075],
					[-1.46237, -0.90589, -0.63048, -0.38346, -0.25349, -0.18444, -0.14818, -0.1115, -0.07451, -0.03731, 0, 0.03731, 0.07451, 0.1115, 0.14818, 0.18444, 0.25349, 0.38346, 0.63048, 0.90589, 1.46237],
					[-1.43984, -0.89087, -0.61922, -0.37595, -0.24823, -0.18068, -0.14517, -0.10925, -0.07301, -0.03656, 0, 0.03656, 0.07301, 0.10925, 0.14517, 0.18068, 0.24823, 0.37595, 0.61922, 0.89087, 1.43984],
					[-1.4265, -0.88198, -0.61255, -0.3715, -0.24512, -0.17846, -0.14339, -0.10791, -0.07212, -0.03611, 0, 0.03611, 0.07212, 0.10791, 0.14339, 0.17846, 0.24512, 0.3715, 0.61255, 0.88198, 1.4265],
					[-1.40009, -0.86437, -0.59934, -0.3627, -0.23896, -0.17406, -0.13987, -0.10527, -0.07036, -0.03523, 0, 0.03523, 0.07036, 0.10527, 0.13987, 0.17406, 0.23896, 0.3627, 0.59934, 0.86437, 1.40009],
					[-1.38697, -0.85562, -0.59278, -0.35833, -0.23589, -0.17187, -0.13812, -0.10396, -0.06948, -0.03479, 0, 0.03479, 0.06948, 0.10396, 0.13812, 0.17187, 0.23589, 0.35833, 0.59278, 0.85562, 1.38697]

				]
			},
			"massGeometry": {
				"mDry": 180,
				"mFuel": 0,
				"sMid": 0.2,
				"jRel": 0
			}
		}
	],
	"alpha_controls": [
		{
			"type": "diagram_alpha_t",
			"prms": {
				"tau_val":		[0, 110,	113,	115,	117,	120,	140,	200,	250,	275,	300,	350,	400,	500,	600,	700,	800,	900,	1100,	1300,	1500,	1600,	1800,	2000,	2200,	2400,	2600,	2800,	3000,	3200,	3400,	3600,	3740,	3745,	3755,	250100500],
				"alpha_val":	[0, 0,		2.5,	2.0,	-2.5,	-1.25,	-1.15,	-1.15,	-2.25,	-3.75,	-6.5,	-1.625,	-3.65,	-4.1,	-5.1,	-2.5,	-2.85,	-3.75,	-2.95,	-3.825,	-0.35,	-2.85,	-0.65,	-0.815,	-0.365,	0.1,	0.15,	0.1,	1.5,	0.95,	2.35,	2.75,	3.5,	0,		-5,	0]
			}
		}
	],
	"fuel_controls": [
		{
			"type": "dm_nodrain",
			"prms": {}
		}
	],
	"stage_controls": [
		{
			"type": "no_stage",
			"prms": {}
		}
	]
}