{
	"initData": [
		{
			"ADX": {
				"MV": [ 0, 0.5, 0.8, 1, 1.3, 1.5, 2, 2.5, 3, 4, 5, 6, 15 ],
				"AV": [ -30, -20, -15, -10, -8, -6, -4, -2, 0, 2, 4, 6, 8, 10, 15, 20, 30],
				"CXMA": [
					[1.345, 0.745, 0.535, 0.385, 0.3418, 0.3082, 0.2842, 0.2698, 0.265, 0.2698, 0.2842, 0.3082, 0.3418, 0.385, 0.535, 0.745, 1.345],
					[1.345, 0.745, 0.535, 0.385, 0.3418, 0.3082, 0.2842, 0.2698, 0.265, 0.2698, 0.2842, 0.3082, 0.3418, 0.385, 0.535, 0.745, 1.345],
					[3.65713, 1.8615, 1.23303, 0.78413, 0.65484, 0.55429, 0.48246, 0.43937, 0.425, 0.43937, 0.48246, 0.55429, 0.65484, 0.78413, 1.23303, 1.8615, 3.65713],
					[3.215, 1.64, 1.08875, 0.695, 0.5816, 0.4934, 0.4304, 0.3926, 0.38, 0.3926, 0.4304, 0.4934, 0.5816, 0.695, 1.08875, 1.64, 3.215],
					[3.04306, 1.55525, 1.03452, 0.66256, 0.55544, 0.47212, 0.41261, 0.3769, 0.365, 0.3769, 0.41261, 0.47212, 0.55544, 0.66256, 1.03452, 1.55525, 3.04306],
					[2.86831, 1.46925, 0.97958, 0.62981, 0.52908, 0.45073, 0.39477, 0.36119, 0.35, 0.36119, 0.39477, 0.45073, 0.52908, 0.62981, 0.97958, 1.46925, 2.86831],
					[2.41125, 1.255, 0.85031, 0.56125, 0.478, 0.41325, 0.367, 0.33925, 0.33, 0.33925, 0.367, 0.41325, 0.478, 0.56125, 0.85031, 1.255, 2.41125],
					[2.19833, 1.15481, 0.78958, 0.5287, 0.45357, 0.39513, 0.35339, 0.32835, 0.32, 0.32835, 0.35339, 0.39513, 0.45357, 0.5287, 0.78958, 1.15481, 2.19833],
					[1.99581, 1.05925, 0.73145, 0.49731, 0.42988, 0.37743, 0.33997, 0.31749, 0.31, 0.31749, 0.33997, 0.37743, 0.42988, 0.49731, 0.73145, 1.05925, 1.99581],
					[1.99581, 1.05925, 0.73145, 0.49731, 0.42988, 0.37743, 0.33997, 0.31749, 0.31, 0.31749, 0.33997, 0.37743, 0.42988, 0.49731, 0.73145, 1.05925, 1.99581],
					[1.99581, 1.05925, 0.73145, 0.49731, 0.42988, 0.37743, 0.33997, 0.31749, 0.31, 0.31749, 0.33997, 0.37743, 0.42988, 0.49731, 0.73145, 1.05925, 1.99581],
					[1.99581, 1.05925, 0.73145, 0.49731, 0.42988, 0.37743, 0.33997, 0.31749, 0.31, 0.31749, 0.33997, 0.37743, 0.42988, 0.49731, 0.73145, 1.05925, 1.99581],
					[1.99581, 1.05925, 0.73145, 0.49731, 0.42988, 0.37743, 0.33997, 0.31749, 0.31, 0.31749, 0.33997, 0.37743, 0.42988, 0.49731, 0.73145, 1.05925, 1.99581]
				],
				"CYMA": [
					[-1.2, -0.8, -0.6, -0.4, -0.32, -0.24, -0.16, -0.08, 0, 0.08, 0.16, 0.24, 0.32, 0.4, 0.6, 0.8, 1.2],
					[-1.2, -0.8, -0.6, -0.4, -0.32, -0.24, -0.16, -0.08, 0, 0.08, 0.16, 0.24, 0.32, 0.4, 0.6, 0.8, 1.2],
					[-1.95, -1.3, -0.975, -0.65, -0.52, -0.39, -0.26, -0.13, 0, 0.13, 0.26, 0.39, 0.52, 0.65, 0.975, 1.3, 1.95],
					[-1.8, -1.2, -0.9, -0.6, -0.48, -0.36, -0.24, -0.12, 0, 0.12, 0.24, 0.36, 0.48, 0.6, 0.9, 1.2, 1.8],
					[-1.725, -1.15, -0.8625, -0.575, -0.46, -0.345, -0.23, -0.115, 0, 0.115, 0.23, 0.345, 0.46, 0.575, 0.8625, 1.15, 1.725],
					[-1.65, -1.1, -0.825, -0.55, -0.44, -0.33, -0.22, -0.11, 0, 0.11, 0.22, 0.33, 0.44, 0.55, 0.825, 1.1, 1.65],
					[-1.5, -1, -0.75, -0.5, -0.4, -0.3, -0.2, -0.1, 0, 0.1, 0.2, 0.3, 0.4, 0.5, 0.75, 1, 1.5],
					[-1.425, -0.95, -0.7125, -0.475, -0.38, -0.285, -0.19, -0.095, 0, 0.095, 0.19, 0.285, 0.38, 0.475, 0.7125, 0.95, 1.425],
					[-1.35, -0.9, -0.675, -0.45, -0.36, -0.27, -0.18, -0.09, 0, 0.09, 0.18, 0.27, 0.36, 0.45, 0.675, 0.9, 1.35],
					[-1.35, -0.9, -0.675, -0.45, -0.36, -0.27, -0.18, -0.09, 0, 0.09, 0.18, 0.27, 0.36, 0.45, 0.675, 0.9, 1.35],
					[-1.35, -0.9, -0.675, -0.45, -0.36, -0.27, -0.18, -0.09, 0, 0.09, 0.18, 0.27, 0.36, 0.45, 0.675, 0.9, 1.35],
					[-1.35, -0.9, -0.675, -0.45, -0.36, -0.27, -0.18, -0.09, 0, 0.09, 0.18, 0.27, 0.36, 0.45, 0.675, 0.9, 1.35],
					[-1.35, -0.9, -0.675, -0.45, -0.36, -0.27, -0.18, -0.09, 0, 0.09, 0.18, 0.27, 0.36, 0.45, 0.675, 0.9, 1.35]
				]
			},
			"massGeometry": {
				"mDry": 1750,
				"mFuel": 7500,
				"sMid": 0.55,
				"jRel": 3050
			}
		},
		{
			"ADX": {
				"MV": [ 0, 0.5, 0.8, 1, 1.3, 1.5, 2, 2.5, 3, 4, 5, 15 ],
				"AV": [ -30, -20, -15, -10, -8, -6, -4, -2, 0, 2, 4, 6, 8, 10, 15, 20, 30],
				"CXMA": [
					[1.35588, 0.6165, 0.35772, 0.17288, 0.11964, 0.07824, 0.04866, 0.03092, 0.025, 0.03092, 0.04866, 0.07824, 0.11964, 0.17288, 0.35772, 0.6165, 1.35588],
					[1.35588, 0.6165, 0.35772, 0.17288, 0.11964, 0.07824, 0.04866, 0.03092, 0.025, 0.03092, 0.04866, 0.07824, 0.11964, 0.17288, 0.35772, 0.6165, 1.35588],
					[5.39613, 2.4205, 1.37903, 0.63513, 0.42088, 0.25425, 0.13522, 0.06381, 0.04, 0.06381, 0.13522, 0.25425, 0.42088, 0.63513, 1.37903, 2.4205, 5.39613],
					[3.6825, 1.6575, 0.94875, 0.4425, 0.2967, 0.1833, 0.1023, 0.0537, 0.0375, 0.0537, 0.1023, 0.1833, 0.2967, 0.4425, 0.94875, 1.6575, 3.6825],
					[3.61138, 1.6245, 0.92909, 0.43238, 0.28932, 0.17806, 0.09858, 0.0509, 0.035, 0.0509, 0.09858, 0.17806, 0.28932, 0.43238, 0.92909, 1.6245, 3.61138],
					[2.3145, 1.047, 0.60338, 0.2865, 0.19524, 0.12426, 0.07356, 0.04314, 0.033, 0.04314, 0.07356, 0.12426, 0.19524, 0.2865, 0.60338, 1.047, 2.3145],
					[1.73256, 0.78725, 0.45639, 0.22006, 0.152, 0.09906, 0.06125, 0.03856, 0.031, 0.03856, 0.06125, 0.09906, 0.152, 0.22006, 0.45639, 0.78725, 1.73256],
					[1.05414, 0.48518, 0.28604, 0.14379, 0.10283, 0.07097, 0.04821, 0.03455, 0.03, 0.03455, 0.04821, 0.07097, 0.10283, 0.14379, 0.28604, 0.48518, 1.05414],
					[0.39, 0.19, 0.12, 0.07, 0.0556, 0.0444, 0.0364, 0.0316, 0.03, 0.0316, 0.0364, 0.0444, 0.0556, 0.07, 0.12, 0.19, 0.39],
					[0.16163, 0.0885, 0.06291, 0.04463, 0.03936, 0.03527, 0.03234, 0.03058, 0.03, 0.03058, 0.03234, 0.03527, 0.03936, 0.04463, 0.06291, 0.0885, 0.16163],
					[0.06744, 0.04664, 0.03936, 0.03416, 0.03266, 0.0315, 0.03067, 0.03017, 0.03, 0.03017, 0.03067, 0.0315, 0.03266, 0.03416, 0.03936, 0.04664, 0.06744],
					[0.06744, 0.04664, 0.03936, 0.03416, 0.03266, 0.0315, 0.03067, 0.03017, 0.03, 0.03017, 0.03067, 0.0315, 0.03266, 0.03416, 0.03936, 0.04664, 0.06744]
				],
				"CYMA": [
					[-1.95, -1.3, -0.975, -0.65, -0.52, -0.39, -0.26, -0.13, 0, 0.13, 0.26, 0.39, 0.52, 0.65, 0.975, 1.3, 1.95],
					[-1.95, -1.3, -0.975, -0.65, -0.52, -0.39, -0.26, -0.13, 0, 0.13, 0.26, 0.39, 0.52, 0.65, 0.975, 1.3, 1.95],
					[-3.45, -2.3, -1.725, -1.15, -0.92, -0.69, -0.46, -0.23, 0, 0.23, 0.46, 0.69, 0.92, 1.15, 1.725, 2.3, 3.45],
					[-2.7, -1.8, -1.35, -0.9, -0.72, -0.54, -0.36, -0.18, 0, 0.18, 0.36, 0.54, 0.72, 0.9, 1.35, 1.8, 2.7],
					[-2.55, -1.7, -1.275, -0.85, -0.68, -0.51, -0.34, -0.17, 0, 0.17, 0.34, 0.51, 0.68, 0.85, 1.275, 1.7, 2.55],
					[-1.95, -1.3, -0.975, -0.65, -0.52, -0.39, -0.26, -0.13, 0, 0.13, 0.26, 0.39, 0.52, 0.65, 0.975, 1.3, 1.95],
					[-1.65, -1.1, -0.825, -0.55, -0.44, -0.33, -0.22, -0.11, 0, 0.11, 0.22, 0.33, 0.44, 0.55, 0.825, 1.1, 1.65],
					[-1.275, -0.85, -0.6375, -0.425, -0.34, -0.255, -0.17, -0.085, 0, 0.085, 0.17, 0.255, 0.34, 0.425, 0.6375, 0.85, 1.275],
					[-0.75, -0.5, -0.375, -0.25, -0.2, -0.15, -0.1, -0.05, 0, 0.05, 0.1, 0.15, 0.2, 0.25, 0.375, 0.5, 0.75],
					[-0.45, -0.3, -0.225, -0.15, -0.12, -0.09, -0.06, -0.03, 0, 0.03, 0.06, 0.09, 0.12, 0.15, 0.225, 0.3, 0.45],
					[-0.24, -0.16, -0.12, -0.08, -0.064, -0.048, -0.032, -0.016, 0, 0.016, 0.032, 0.048, 0.064, 0.08, 0.12, 0.16, 0.24],
					[-0.24, -0.16, -0.12, -0.08, -0.064, -0.048, -0.032, -0.016, 0, 0.016, 0.032, 0.048, 0.064, 0.08, 0.12, 0.16, 0.24]
				]
			},
			"massGeometry": {
				"mDry": 550,
				"mFuel": 0,
				"sMid": 2.5,
				"jRel": 0
			}
		}
	],
	"alpha_controls": [
		{
			"type": "ascend_profile",
			"prms": {
				"maneuver_start": 15,
				"maneuver_end": 25,
				"k2": 0.45,
				"k1": -18,
				"k0": 168.75,
				"V_super": 450,
				"alpha_base": 0,
				"alpha_super": -0.5
			}
		},
		{
			"type": "level_flight",
			"prms": {
				"alpha_base": 4.5,
				"k_th": 1.15,
				"th_base": 0,
				"v_dive": 1000,
				"alpha_dive": -0.5,
				"k_th_dive": 0,
				"th_dive": 0,
				"alpha_max": 10
			}
		}
	],
	"fuel_controls": [
		{
			"type": "dm_constant",
			"prms": { "dm_regular": 50}
		},
		{
			"type": "dm_nodrain",
			"prms": {}
		}
	],
	"stage_controls": [
		{
			"type": "max_q_pass",
			"prms": {
				"qMax": 150
			}
		},
		{
			"type": "no_stage",
			"prms": {}
		}
	]
}